{
  "config": {
    "abort": {
      "already_configured": "[%key:common::config_flow::abort::already_configured_device%]",
      "no_devices_found": "No supported devices found via Bluetooth",
      "not_supported": "Device not supported"
    },
    "flow_title": "Setup {name}",
    "step": {
      "user": {
        "description": "[%key:component::bluetooth::config::step::user::description%]",
        "data": {
          "address": "[%key:common::config_flow::data::device%]"
        }
      },
      "bluetooth_confirm": {
        "description": "[%key:component::bluetooth::config::step::bluetooth_confirm::description%]"
      }
    }
  },
  "exceptions": {
    "device_not_found": {
      "message": "Could not find BMS ({MAC}) via Bluetooth"
    },
    "missing_unique_id": {
      "message": "Missing unique ID for device."
    }
  },
  "entity": {
    "binary_sensor": {
      "battery_discharging_state": {
        "name": "Battery discharging"
      }
    },
    "sensor": {
      "cycles": {
        "name": "Cycles"
      },
      "delta_voltage": {
        "name": "Delta voltage"
      },
      "link_quality": {
        "name": "Link quality"
      },
      "runtime": {
        "name": "Runtime"
      }
    },
    "switch": {
      "discharge_control": {
        "name": "Discharge control"
      }
    }
  }
}
